ID	path
逍遥生	0001-逍遥生.wpal
剑侠客	0002-剑侠客.wpal
飞燕女	0003-飞燕女.wpal
英女侠	0004-英女侠.wpal
巨魔王	0005-巨魔王.wpal
虎头怪	0006-虎头怪.wpal
狐美人	0007-狐美人.wpal
骨精灵	0008-骨精灵.wpal
神天兵	0009-神天兵.wpal
龙太子	0010-龙太子.wpal
舞天姬	0011-舞天姬.wpal
玄彩娥	0012-玄彩娥.wpal
小毛头	0101-小毛头.wpal
小丫丫	0102-小丫丫.wpal
小魔头	0103-小魔头.wpal
小精灵	0104-小精灵.wpal
小神灵	0105-小神灵.wpal
小仙女	0106-小仙女.wpal
旗开得胜	0500-00-旗开得胜.wpal
霸王雄风	0500-01-霸王雄风.wpal
展翅高飞	0500-02-展翅高飞.wpal
宝贝葫芦	0500-宝贝葫芦.wpal
威武不屈	0501-00-威武不屈.wpal
深藏不露	0501-01-深藏不露.wpal
独眼观天	0501-02-独眼观天.wpal
神气小龟	0501-神气小龟.wpal
霓裳魅影	0502-00-霓裳魅影.wpal
烈焰燃情	0502-01-烈焰燃情.wpal
披星戴月	0502-02-披星戴月.wpal
闲云野鹤	0502-闲云野鹤.wpal
天雨流芳	0503-00-天雨流芳.wpal
灵光再现	0503-01-灵光再现.wpal
倾国倾城	0503-02-倾国倾城.wpal
云魅仙鹿	0503-云魅仙鹿.wpal
流星天马	0504-00-流星天马.wpal
异国浓情	0504-01-异国浓情.wpal
威猛将军	0504-02-威猛将军.wpal
汗血宝马	0504-汗血宝马.wpal
如花似玉	0505-00-如花似玉.wpal
知情达意	0505-01-知情达意.wpal
气宇轩昂	0505-02-气宇轩昂.wpal
欢喜羊羊	0505-欢喜羊羊.wpal
异域风情	0506-00-异域风情.wpal
叱咤风云	0506-01-叱咤风云.wpal
假面勇者	0506-02-假面勇者.wpal
披甲战狼	0506-披甲战狼.wpal
铁血豪情	0507-00-铁血豪情.wpal
唯我独尊	0507-01-唯我独尊.wpal
傲视天下	0507-02-傲视天下.wpal
魔力斗兽	0507-魔力斗兽.wpal
兔子怪	2001-兔子怪.wpal
野猪	2002-野猪.wpal
黑熊精	2006-黑熊精.wpal
羊头怪	2007-羊头怪.wpal
芙蓉仙子	2009-芙蓉仙子.wpal
树怪	2010-树怪.wpal
蝴蝶仙子	2011-蝴蝶仙子.wpal
花妖	2012-花妖.wpal
如意仙子	2015-如意仙子.wpal
骷髅怪	2017-骷髅怪.wpal
蛤蟆精	2022-蛤蟆精.wpal
雷鸟人	2023-雷鸟人.wpal
小龙女	2024-小龙女.wpal
老虎	2028-老虎.wpal
黑熊	2029-黑熊.wpal
大蝙蝠	2030-大蝙蝠.wpal
海毛虫	2033-海毛虫.wpal
狼	2034-狼.wpal
大海龟	2036-大海龟.wpal
巨蛙	2037-巨蛙.wpal
天将	2038-天将.wpal
白熊	2040-白熊.wpal
古代瑞兽	2041-古代瑞兽.wpal
强盗	2044-强盗.wpal
山贼	2045-山贼.wpal
赌徒	2046-赌徒.wpal
牛头	2052-牛头.wpal
马面	2053-马面.wpal
僵尸	2054-僵尸.wpal
野鬼	2055-野鬼.wpal
狐狸精	2059-狐狸精.wpal
天兵	2061-天兵.wpal
虾兵	2062-虾兵.wpal
蟹将	2063-蟹将.wpal
龟丞相	2064-龟丞相.wpal
蜘蛛精	2065-蜘蛛精.wpal
牛妖	2066-牛妖.wpal
星灵仙子	2067-星灵仙子.wpal
风伯	2068-风伯.wpal
蛟龙	2070-蛟龙.wpal
凤凰	2071-凤凰.wpal
巡游天神	2072-巡游天神.wpal
黑山老妖	2073-黑山老妖.wpal
地狱战神	2074-地狱战神.wpal
鬼将	2076-鬼将.wpal
吸血鬼	2077-吸血鬼.wpal
幽灵	2078-幽灵.wpal
灵符女娲	2085-灵符女娲.wpal
律法女娲	2086-律法女娲.wpal
净瓶女娲	2087-净瓶女娲.wpal
大力金刚	2093-大力金刚.wpal
雾中仙	2094-雾中仙.wpal
灵鹤	2095-灵鹤.wpal
夜罗刹	2096-夜罗刹.wpal
炎魔神	2097-炎魔神.wpal
噬天虎	2098-噬天虎.wpal
野猪精	2102-野猪精.wpal
百足将军	2103-百足将军.wpal
鼠先锋	2104-鼠先锋.wpal
踏云兽	2105-踏云兽.wpal
红萼仙子	2106-红萼仙子.wpal
龙龟	2107-龙龟.wpal
阎罗王	2278-阎罗王.wpal
雨师	2283-雨师.wpal
超级白泽	2601-超级白泽.wpal
小宝	3029-小宝.wpal
蚩尤	3079-蚩尤.wpal
纸鸢	4040-纸鸢.wpal
大泡泡	4048-大泡泡.wpal
中泡泡	4049-中泡泡.wpal
小泡泡	4050-小泡泡.wpal